--
-- Script was generated by Devart dbForge Studio 2019 for MySQL, Version 8.2.23.0
-- Product home page: http://www.devart.com/dbforge/mysql/studio
-- Script date 27.12.2025 17:57:21
-- Server version: 5.7.11
-- Client version: 4.1
--

-- 
-- Disable foreign keys
-- 
/*!40014 SET @OLD_FOREIGN_KEY_CHECKS=@@FOREIGN_KEY_CHECKS, FOREIGN_KEY_CHECKS=0 */;

-- 
-- Set SQL mode
-- 
/*!40101 SET @OLD_SQL_MODE=@@SQL_MODE, SQL_MODE='NO_AUTO_VALUE_ON_ZERO' */;

-- 
-- Set character set the client will use to send SQL statements to the server
--
SET NAMES 'utf8';

--
-- Set default database
--
USE skytickets;

--
-- Drop view `view__for_generate_tickets`
--
DROP VIEW IF EXISTS view__for_generate_tickets CASCADE;

--
-- Drop view `view_for_generate_tickets`
--
DROP VIEW IF EXISTS view_for_generate_tickets CASCADE;

--
-- Drop table `tickets`
--
DROP TABLE IF EXISTS tickets;

--
-- Drop table `passengers`
--
DROP TABLE IF EXISTS passengers;

--
-- Drop view `view_tariffs_costs`
--
DROP VIEW IF EXISTS view_tariffs_costs CASCADE;

--
-- Drop table `tariffs`
--
DROP TABLE IF EXISTS tariffs;

--
-- Drop view `view_available_voyages`
--
DROP VIEW IF EXISTS view_available_voyages CASCADE;

--
-- Drop view `view_seats_and_voyages`
--
DROP VIEW IF EXISTS view_seats_and_voyages CASCADE;

--
-- Drop table `seats_and_voyages_link`
--
DROP TABLE IF EXISTS seats_and_voyages_link;

--
-- Drop view `view_for_purchase`
--
DROP VIEW IF EXISTS view_for_purchase CASCADE;

--
-- Drop table `voyages`
--
DROP TABLE IF EXISTS voyages;

--
-- Drop view `view_available_directions`
--
DROP VIEW IF EXISTS view_available_directions CASCADE;

--
-- Drop table `airports`
--
DROP TABLE IF EXISTS airports;

--
-- Drop table `seats`
--
DROP TABLE IF EXISTS seats;

--
-- Drop table `planes`
--
DROP TABLE IF EXISTS planes;

--
-- Drop table `airlines`
--
DROP TABLE IF EXISTS airlines;

--
-- Set default database
--
USE skytickets;

--
-- Create table `airlines`
--
CREATE TABLE airlines (
  airline_id int(11) NOT NULL AUTO_INCREMENT,
  airline_name varchar(50) DEFAULT NULL,
  PRIMARY KEY (airline_id)
)
ENGINE = INNODB,
AUTO_INCREMENT = 6,
AVG_ROW_LENGTH = 4096,
CHARACTER SET utf8mb4,
COLLATE utf8mb4_general_ci,
COMMENT = 'Отображает названия авиакомпаний';

--
-- Create table `planes`
--
CREATE TABLE planes (
  plane_id int(11) NOT NULL AUTO_INCREMENT,
  airline_id int(11) DEFAULT NULL COMMENT 'Авиакомпания, которой принадлежит самолет',
  model varchar(50) DEFAULT NULL COMMENT 'Модель самолета',
  count_of_seats int(11) DEFAULT NULL COMMENT 'Общее количество мест всамолете',
  layout json DEFAULT NULL COMMENT 'Расположение мест на борту',
  PRIMARY KEY (plane_id)
)
ENGINE = INNODB,
AUTO_INCREMENT = 7,
AVG_ROW_LENGTH = 3276,
CHARACTER SET utf8mb4,
COLLATE utf8mb4_general_ci,
COMMENT = 'Отображает все самолеты';

--
-- Create foreign key
--
ALTER TABLE planes
ADD CONSTRAINT FK_planes_airline_id FOREIGN KEY (airline_id)
REFERENCES airlines (airline_id) ON DELETE NO ACTION;

--
-- Create table `seats`
--
CREATE TABLE seats (
  seat_id int(11) NOT NULL AUTO_INCREMENT,
  plane_id int(11) NOT NULL COMMENT 'Самолет которому принадлежит это место',
  seat_number varchar(4) DEFAULT NULL COMMENT 'Номер места (например cA15,bB5, fC45)',
  PRIMARY KEY (seat_id)
)
ENGINE = INNODB,
AUTO_INCREMENT = 805,
AVG_ROW_LENGTH = 84,
CHARACTER SET utf8mb4,
COLLATE utf8mb4_general_ci,
COMMENT = 'Отображает все места во всех самолетах';

--
-- Create foreign key
--
ALTER TABLE seats
ADD CONSTRAINT FK_seats_plane_id FOREIGN KEY (plane_id)
REFERENCES planes (plane_id) ON DELETE NO ACTION;

--
-- Create table `airports`
--
CREATE TABLE airports (
  airport_id int(11) NOT NULL AUTO_INCREMENT,
  airport_code varchar(3) DEFAULT NULL COMMENT 'Код аэропорта в системе IATA',
  contry varchar(50) DEFAULT NULL COMMENT 'Страна в которой находится аэропорт',
  city varchar(50) DEFAULT NULL COMMENT 'Город в котором находится аэропорт',
  PRIMARY KEY (airport_id)
)
ENGINE = INNODB,
AUTO_INCREMENT = 17,
AVG_ROW_LENGTH = 2048,
CHARACTER SET utf8mb4,
COLLATE utf8mb4_general_ci,
COMMENT = 'Отображает аэропорты';

--
-- Create view `view_available_directions`
--
CREATE
DEFINER = 'root'@'localhost'
VIEW view_available_directions
AS
SELECT
  `airports`.`contry` AS `Страна`,
  `airports`.`city` AS `Город`,
  `airports`.`airport_code` AS `Код аэропорта`
FROM `airports`;

--
-- Create table `voyages`
--
CREATE TABLE voyages (
  voyage_id int(11) NOT NULL AUTO_INCREMENT,
  plane_id int(11) DEFAULT NULL COMMENT 'Самолет на котором осуществляется рейс',
  voyage_cost int(11) DEFAULT NULL,
  departure_airport_id int(11) DEFAULT NULL COMMENT 'id аэропорта отбытия',
  arrival_airport_id int(11) DEFAULT NULL COMMENT 'id аэропорта прибытия',
  departure_date datetime DEFAULT NULL COMMENT 'Дата и время отбытия',
  arrival_date datetime DEFAULT NULL COMMENT 'Дата и время прибытия',
  PRIMARY KEY (voyage_id)
)
ENGINE = INNODB,
AUTO_INCREMENT = 15,
AVG_ROW_LENGTH = 1365,
CHARACTER SET utf8mb4,
COLLATE utf8mb4_general_ci,
COMMENT = 'Отображает рейсы';

--
-- Create foreign key
--
ALTER TABLE voyages
ADD CONSTRAINT FK_voyages_arrival_airport_id FOREIGN KEY (arrival_airport_id)
REFERENCES airports (airport_id) ON DELETE NO ACTION;

--
-- Create foreign key
--
ALTER TABLE voyages
ADD CONSTRAINT FK_voyages_departure_airport_id FOREIGN KEY (departure_airport_id)
REFERENCES airports (airport_id) ON DELETE NO ACTION;

--
-- Create foreign key
--
ALTER TABLE voyages
ADD CONSTRAINT FK_voyages_plane_id FOREIGN KEY (plane_id)
REFERENCES planes (plane_id) ON DELETE NO ACTION;

--
-- Create view `view_for_purchase`
--
CREATE
DEFINER = 'root'@'localhost'
VIEW view_for_purchase
AS
SELECT
  `v`.`voyage_id` AS `voyage_id`,
  CONCAT(`dep_airport`.`city`, ' ', `dep_airport`.`airport_code`) AS `departure`,
  CONCAT(`arr_airport`.`city`, ' ', `arr_airport`.`airport_code`) AS `arrival`,
  `v`.`departure_date` AS `departure_date`,
  `v`.`arrival_date` AS `arrival_date`,
  `v`.`voyage_cost` AS `price`
FROM ((`voyages` `v`
  JOIN `airports` `dep_airport`
    ON ((`v`.`departure_airport_id` = `dep_airport`.`airport_id`)))
  JOIN `airports` `arr_airport`
    ON ((`v`.`arrival_airport_id` = `arr_airport`.`airport_id`)));

--
-- Create table `seats_and_voyages_link`
--
CREATE TABLE seats_and_voyages_link (
  seat_id int(11) DEFAULT NULL,
  voyage_id int(11) DEFAULT NULL,
  is_ordered tinyint(4) DEFAULT NULL COMMENT '1 - место занято, 0 - свободно'
)
ENGINE = INNODB,
AVG_ROW_LENGTH = 63,
CHARACTER SET utf8mb4,
COLLATE utf8mb4_general_ci,
COMMENT = 'Отображает свободные и занятые места для определенного рейса';

--
-- Create foreign key
--
ALTER TABLE seats_and_voyages_link
ADD CONSTRAINT FK_seats_and_voyages_link_seat_id FOREIGN KEY (seat_id)
REFERENCES seats (seat_id) ON DELETE NO ACTION;

--
-- Create foreign key
--
ALTER TABLE seats_and_voyages_link
ADD CONSTRAINT FK_seats_and_voyages_link_voyage_id FOREIGN KEY (voyage_id)
REFERENCES voyages (voyage_id) ON DELETE NO ACTION;

--
-- Create view `view_seats_and_voyages`
--
CREATE
DEFINER = 'root'@'localhost'
VIEW view_seats_and_voyages
AS
SELECT
  `seats_and_voyages_link`.`voyage_id` AS `voyage_id`,
  `seats_and_voyages_link`.`seat_id` AS `seat_id`,
  `seats`.`seat_number` AS `seat_number`,
  `seats_and_voyages_link`.`is_ordered` AS `is_ordered`
FROM (`seats_and_voyages_link`
  JOIN `seats`
    ON ((`seats_and_voyages_link`.`seat_id` = `seats`.`seat_id`)));

--
-- Create view `view_available_voyages`
--
CREATE
DEFINER = 'root'@'localhost'
VIEW view_available_voyages
AS
SELECT
  `departure_city`.`city` AS `Город отбытия`,
  `arrival_city`.`city` AS `Город прибытия`,
  `voyages`.`departure_date` AS `Время отбытия`,
  `voyages`.`voyage_cost` AS `Цена полёта`,
  (SELECT
      COUNT(0)
    FROM `seats_and_voyages_link` `sl`
    WHERE ((`sl`.`voyage_id` = `voyages`.`voyage_id`)
    AND (`sl`.`is_ordered` = 0))) AS `Количество свободных мест`
FROM ((`voyages`
  JOIN `airports` `departure_city`
    ON ((`voyages`.`departure_airport_id` = `departure_city`.`airport_id`)))
  JOIN `airports` `arrival_city`
    ON ((`voyages`.`arrival_airport_id` = `arrival_city`.`airport_id`)));

--
-- Create table `tariffs`
--
CREATE TABLE tariffs (
  tariff_id int(11) NOT NULL AUTO_INCREMENT,
  tariff_name varchar(13) DEFAULT NULL COMMENT 'Название тарифа (Эконом, бизнес, первый класс)',
  tariff_cost int(11) DEFAULT NULL COMMENT 'Цена тарифа',
  description varchar(255) DEFAULT NULL COMMENT 'Описание тарифа',
  PRIMARY KEY (tariff_id)
)
ENGINE = INNODB,
AUTO_INCREMENT = 4,
AVG_ROW_LENGTH = 4096,
CHARACTER SET utf8mb4,
COLLATE utf8mb4_general_ci,
COMMENT = 'Отображает доступные тарифы полета';

--
-- Create view `view_tariffs_costs`
--
CREATE
DEFINER = 'root'@'localhost'
VIEW view_tariffs_costs
AS
SELECT
  `tariffs`.`tariff_name` AS `Тариф`,
  `tariffs`.`tariff_cost` AS `Цена`
FROM `tariffs`;

--
-- Create table `passengers`
--
CREATE TABLE passengers (
  passenger_id int(11) NOT NULL AUTO_INCREMENT,
  first_name varchar(50) DEFAULT NULL COMMENT 'Имя пассажира',
  last_name varchar(50) DEFAULT NULL COMMENT 'Фамилия пассажира',
  patronymic varchar(50) DEFAULT NULL COMMENT 'Отчество пассажира',
  passport_number varchar(10) DEFAULT NULL COMMENT 'Серия номер паспорта пассажира',
  phone bigint(20) DEFAULT NULL COMMENT 'Номер телефона пассажира',
  email varchar(50) DEFAULT NULL COMMENT 'Электронная почта пассажира',
  password varchar(20) DEFAULT NULL COMMENT 'Пароль авторизации пользователя',
  PRIMARY KEY (passenger_id)
)
ENGINE = INNODB,
AUTO_INCREMENT = 10,
AVG_ROW_LENGTH = 4096,
CHARACTER SET utf8mb4,
COLLATE utf8mb4_general_ci,
COMMENT = 'Отображает пассажиров';

--
-- Create index `passport_number` on table `passengers`
--
ALTER TABLE passengers
ADD UNIQUE INDEX passport_number (passport_number);

--
-- Create table `tickets`
--
CREATE TABLE tickets (
  ticket_id int(11) NOT NULL AUTO_INCREMENT,
  passenger_id int(11) DEFAULT NULL COMMENT 'id пассажира',
  voyage_id int(11) DEFAULT NULL COMMENT 'id рейса',
  tariff_id int(11) DEFAULT NULL COMMENT 'id тарифа',
  seat_id int(11) DEFAULT NULL COMMENT 'id места',
  total_cost int(11) DEFAULT NULL COMMENT 'Итоговая цена',
  PRIMARY KEY (ticket_id)
)
ENGINE = INNODB,
AUTO_INCREMENT = 19,
AVG_ROW_LENGTH = 910,
CHARACTER SET utf8mb4,
COLLATE utf8mb4_general_ci,
COMMENT = 'Отображает билеты';

--
-- Create foreign key
--
ALTER TABLE tickets
ADD CONSTRAINT FK_tickets_passenger_id FOREIGN KEY (passenger_id)
REFERENCES passengers (passenger_id) ON DELETE NO ACTION;

--
-- Create foreign key
--
ALTER TABLE tickets
ADD CONSTRAINT FK_tickets_seat_id FOREIGN KEY (seat_id)
REFERENCES seats (seat_id) ON DELETE NO ACTION;

--
-- Create foreign key
--
ALTER TABLE tickets
ADD CONSTRAINT FK_tickets_tariff_id FOREIGN KEY (tariff_id)
REFERENCES tariffs (tariff_id) ON DELETE NO ACTION;

--
-- Create foreign key
--
ALTER TABLE tickets
ADD CONSTRAINT FK_tickets_voyage_id FOREIGN KEY (voyage_id)
REFERENCES voyages (voyage_id) ON DELETE NO ACTION;

--
-- Create view `view_for_generate_tickets`
--
CREATE
DEFINER = 'root'@'localhost'
VIEW view_for_generate_tickets
AS
SELECT
  `t`.`ticket_id` AS `ticket_id`,
  `p`.`passenger_id` AS `passenger_id`,
  `p`.`last_name` AS `last_name`,
  `p`.`first_name` AS `first_name`,
  `p`.`patronymic` AS `patronymic`,
  CONCAT(`dep`.`city`, ' (', `dep`.`airport_code`, ')') AS `departure_city_code`,
  CONCAT(`arr`.`city`, ' (', `arr`.`airport_code`, ')') AS `arrival_city_code`,
  `v`.`departure_date` AS `departure_date`,
  `v`.`arrival_date` AS `arrival_date`,
  `s`.`seat_number` AS `seat`,
  `tf`.`tariff_name` AS `tariff`,
  `t`.`total_cost` AS `total_cost`
FROM ((((((`tickets` `t`
  JOIN `passengers` `p`
    ON ((`p`.`passenger_id` = `t`.`passenger_id`)))
  JOIN `voyages` `v`
    ON ((`v`.`voyage_id` = `t`.`voyage_id`)))
  JOIN `airports` `dep`
    ON ((`dep`.`airport_id` = `v`.`departure_airport_id`)))
  JOIN `airports` `arr`
    ON ((`arr`.`airport_id` = `v`.`arrival_airport_id`)))
  JOIN `seats` `s`
    ON ((`s`.`seat_id` = `t`.`seat_id`)))
  JOIN `tariffs` `tf`
    ON ((`tf`.`tariff_id` = `t`.`tariff_id`)));

--
-- Create view `view__for_generate_tickets`
--
CREATE
DEFINER = 'root'@'localhost'
VIEW view__for_generate_tickets
AS
SELECT
  `t`.`ticket_id` AS `ticket_id`,
  `p`.`passenger_id` AS `passenger_id`,
  `p`.`last_name` AS `last_name`,
  `p`.`first_name` AS `first_name`,
  `p`.`patronymic` AS `patronymic`,
  CONCAT(`dep`.`city`, ' (', `dep`.`airport_code`, ')') AS `departure_city_code`,
  CONCAT(`arr`.`city`, ' (', `arr`.`airport_code`, ')') AS `arrival_city_code`,
  `v`.`departure_date` AS `departure_date`,
  `v`.`arrival_date` AS `arrival_date`,
  `s`.`seat_number` AS `seat`,
  `tf`.`tariff_name` AS `tariff`,
  `t`.`total_cost` AS `total_cost`
FROM ((((((`tickets` `t`
  JOIN `passengers` `p`
    ON ((`p`.`passenger_id` = `t`.`passenger_id`)))
  JOIN `voyages` `v`
    ON ((`v`.`voyage_id` = `t`.`voyage_id`)))
  JOIN `airports` `dep`
    ON ((`dep`.`airport_id` = `v`.`departure_airport_id`)))
  JOIN `airports` `arr`
    ON ((`arr`.`airport_id` = `v`.`arrival_airport_id`)))
  JOIN `seats` `s`
    ON ((`s`.`seat_id` = `t`.`seat_id`)))
  JOIN `tariffs` `tf`
    ON ((`tf`.`tariff_id` = `t`.`tariff_id`)));

-- 
-- Dumping data for table airlines
--
INSERT INTO airlines VALUES
(1, 'SkyDreamers'),
(2, 'CloudRider'),
(3, 'AerospaceElite'),
(4, 'WingMasters'),
(5, 'GlobalGlider');

-- 
-- Dumping data for table airports
--
INSERT INTO airports VALUES
(1, 'KJA', 'Россия', 'Красноярск'),
(2, 'LHR', 'Великобритания', 'Лондон'),
(3, 'JFK', 'США', 'Нью-Йорк'),
(4, 'CDG', 'Франция', 'Париж'),
(5, 'PEK', 'Китай', 'Пекин'),
(6, 'HND', 'Япония', 'Токио'),
(7, 'ZRH', 'Швейцария', 'Цюрих'),
(8, 'DXB', 'ОАЭ', 'Дубай'),
(9, 'AMS', 'Нидерланды', 'Амстердам'),
(10, 'OVB', 'Россия', 'Новосибирск'),
(11, 'FRA', 'Германия', 'Франкфурт'),
(12, 'LAX', 'США', 'Лос-Анджелес'),
(13, 'IST', 'Турция', 'Стамбул'),
(14, 'SYD', 'Австралия', 'Сидней'),
(15, 'MAD', 'Испания', 'Мадрид'),
(16, 'UIK', 'Россия', 'Усть-Илимск');

-- 
-- Dumping data for table planes
--
INSERT INTO planes VALUES
(1, 2, 'Boeing 737 MAX', 136, '{"Cheap": {"A": [1, 2, 3, 4, 5, 6, 7, 8, 9, 10, 11, 12, 13, 14, 15, 16, 17, 18, 19, 20, 21, 22, 23, 24, 25, 26], "B": [1, 2, 3, 4, 5, 6, 7, 8, 9, 10, 11, 12, 13, 14, 15, 16, 17, 18, 19, 20, 21, 22, 23, 24, 25, 26, 27, 28, 29, 30, 31, 32, 33, 34, 35, 36, 37, 38, 39], "C": [1, 2, 3, 4, 5, 6, 7, 8, 9, 10, 11, 12, 13, 14, 15, 16, 17, 18, 19, 20, 21, 22, 23, 24, 25, 26]}, "First": {"A": [1, 2, 3, 4, 5], "B": [1, 2, 3, 4, 5], "C": [1, 2, 3, 4, 5]}, "Business": {"A": [1, 2, 3, 4, 5, 6, 7, 8, 9, 10], "B": [1, 2, 3, 4, 5, 6, 7, 8, 9, 10], "C": [1, 2, 3, 4, 5, 6, 7, 8, 9, 10]}}'),
(2, 4, 'Airbus A320neo', 104, '{"Cheap": {"A": [1, 2, 3, 4, 5, 6, 7, 8, 9, 10, 11, 12, 13, 14, 15, 16, 17, 18, 19, 20, 21, 22, 23, 24, 25, 26], "B": [1, 2, 3, 4, 5, 6, 7, 8, 9, 10, 11, 12, 13, 14, 15, 16, 17, 18, 19, 20, 21, 22, 23, 24, 25, 26], "C": [1, 2, 3, 4, 5, 6, 7, 8, 9, 10, 11, 12, 13, 14, 15, 16, 17, 18, 19, 20, 21, 22, 23, 24, 25, 26]}, "First": {"A": [1, 2, 3, 4, 5], "B": [], "C": [1, 2, 3, 4, 5]}, "Business": {"A": [1, 2, 3, 4, 5, 6, 7, 8], "B": [], "C": [1, 2, 3, 4, 5, 6, 7, 8]}}'),
(3, 1, 'Boeing 737 MAX', 136, '{"Cheap": {"A": [1, 2, 3, 4, 5, 6, 7, 8, 9, 10, 11, 12, 13, 14, 15, 16, 17, 18, 19, 20, 21, 22, 23, 24, 25, 26], "B": [1, 2, 3, 4, 5, 6, 7, 8, 9, 10, 11, 12, 13, 14, 15, 16, 17, 18, 19, 20, 21, 22, 23, 24, 25, 26, 27, 28, 29, 30, 31, 32, 33, 34, 35, 36, 37, 38, 39], "C": [1, 2, 3, 4, 5, 6, 7, 8, 9, 10, 11, 12, 13, 14, 15, 16, 17, 18, 19, 20, 21, 22, 23, 24, 25, 26]}, "First": {"A": [1, 2, 3, 4, 5], "B": [1, 2, 3, 4, 5], "C": [1, 2, 3, 4, 5]}, "Business": {"A": [1, 2, 3, 4, 5, 6, 7, 8, 9, 10], "B": [1, 2, 3, 4, 5, 6, 7, 8, 9, 10], "C": [1, 2, 3, 4, 5, 6, 7, 8, 9, 10]}}'),
(4, 5, 'Airbus A320neo', 104, '{"Cheap": {"A": [1, 2, 3, 4, 5, 6, 7, 8, 9, 10, 11, 12, 13, 14, 15, 16, 17, 18, 19, 20, 21, 22, 23, 24, 25, 26], "B": [1, 2, 3, 4, 5, 6, 7, 8, 9, 10, 11, 12, 13, 14, 15, 16, 17, 18, 19, 20, 21, 22, 23, 24, 25, 26], "C": [1, 2, 3, 4, 5, 6, 7, 8, 9, 10, 11, 12, 13, 14, 15, 16, 17, 18, 19, 20, 21, 22, 23, 24, 25, 26]}, "First": {"A": [1, 2, 3, 4, 5], "B": [], "C": [1, 2, 3, 4, 5]}, "Business": {"A": [1, 2, 3, 4, 5, 6, 7, 8], "B": [], "C": [1, 2, 3, 4, 5, 6, 7, 8]}}'),
(6, 3, 'Boeing 737 MAX', 136, '{"Cheap": {"A": [1, 2, 3, 4, 5, 6, 7, 8, 9, 10, 11, 12, 13, 14, 15, 16, 17, 18, 19, 20, 21, 22, 23, 24, 25, 26], "B": [1, 2, 3, 4, 5, 6, 7, 8, 9, 10, 11, 12, 13, 14, 15, 16, 17, 18, 19, 20, 21, 22, 23, 24, 25, 26, 27, 28, 29, 30, 31, 32, 33, 34, 35, 36, 37, 38, 39], "C": [1, 2, 3, 4, 5, 6, 7, 8, 9, 10, 11, 12, 13, 14, 15, 16, 17, 18, 19, 20, 21, 22, 23, 24, 25, 26]}, "First": {"A": [1, 2, 3, 4, 5], "B": [1, 2, 3, 4, 5], "C": [1, 2, 3, 4, 5]}, "Business": {"A": [1, 2, 3, 4, 5, 6, 7, 8, 9, 10], "B": [1, 2, 3, 4, 5, 6, 7, 8, 9, 10], "C": [1, 2, 3, 4, 5, 6, 7, 8, 9, 10]}}');

-- 
-- Dumping data for table tariffs
--
INSERT INTO tariffs VALUES
(1, 'Эконом', 500, 'Включает в себя сидячее место в самолете, место для багажа.'),
(2, 'Бизнес', 5000, 'Включает в себя сидячее место в самолете, место для багажа, доп. комфорт.'),
(3, 'Первый класс', 10000, 'Включает в себя сидячее место в самолете, место для багажа, доп. комфорт, коктейли на выбор.');

-- 
-- Dumping data for table passengers
--
INSERT INTO passengers VALUES
(1, 'Петров', 'Иван', 'Иванович', '1234123456', 12345678, 'petrov@mail.ru', '111'),
(2, 'Волкова', 'Анна', 'Петровна', '1111222222', 123456789, 'volkova@gmail.com', '222'),
(3, 'Соколова', 'Екатерина', 'Владимировна', '2222333333', 222123131, 'sokolova@mail.ru', '333'),
(4, 'Морозов', 'Дмитрий', 'Иванович', '3333444444', 123344141, 'morozov@gmail.com', '444'),
(5, 'Holmes', 'Sherlock', 'London', '4444555555', 2121212121, 'holmes@gmail.com', '123'),
(6, 'Wick', 'John', 'NYC', '1122112211', 1212121212, 'wick@gmail.com', 'qwerty'),
(7, 'Puaro', 'Ercule', 'Detective', '1234123412', 32323232, 'detective@mail.ru', '123'),
(8, 'Not', 'Real', 'Human', '5555666666', 1111222211, 'human@mail.ru', '123'),
(9, 'Иванов', 'Иван', 'Иванович', '6666777777', 89502222950, 'ivanov@mail.ru', '123');

-- 
-- Dumping data for table voyages
--
INSERT INTO voyages VALUES
(4, 1, 15000, 2, 7, '2025-12-31 01:00:00', '2026-01-01 00:00:00'),
(6, 1, 15000, 7, 2, '2026-01-02 01:00:00', '2026-01-03 00:00:00'),
(7, 2, 5000, 16, 1, '2026-01-13 15:30:00', '2026-01-13 18:00:00'),
(8, 4, 8000, 16, 10, '2026-01-13 10:00:00', '2026-01-14 08:00:00'),
(9, 6, 10000, 3, 12, '2026-01-15 12:00:00', '2026-01-15 20:00:00'),
(10, 3, 30000, 14, 8, '2026-01-23 12:00:00', '2026-01-24 00:00:00'),
(11, 1, 15000, 2, 7, '2026-05-09 14:30:00', '2026-05-10 14:30:00'),
(12, 1, 30000, 8, 7, '2026-02-02 05:50:00', '2026-02-02 18:50:00'),
(13, 1, 15000, 2, 7, '2026-04-19 10:50:00', '2026-04-20 14:50:00'),
(14, 3, 13000, 3, 6, '2026-05-07 08:20:00', '2026-05-07 20:30:00');

-- 
-- Dumping data for table seats
--
INSERT INTO seats VALUES
(189, 1, 'fA1'),
(190, 1, 'fA2'),
(191, 1, 'fA3'),
(192, 1, 'fA4'),
(193, 1, 'fA5'),
(194, 1, 'fB1'),
(195, 1, 'fB2'),
(196, 1, 'fB3'),
(197, 1, 'fB4'),
(198, 1, 'fB5'),
(199, 1, 'fC1'),
(200, 1, 'fC2'),
(201, 1, 'fC3'),
(202, 1, 'fC4'),
(203, 1, 'fC5'),
(204, 1, 'bA1'),
(205, 1, 'bA2'),
(206, 1, 'bA3'),
(207, 1, 'bA4'),
(208, 1, 'bA5'),
(209, 1, 'bA6'),
(210, 1, 'bA7'),
(211, 1, 'bA8'),
(212, 1, 'bA9'),
(213, 1, 'bA10'),
(214, 1, 'bB1'),
(215, 1, 'bB2'),
(216, 1, 'bB3'),
(217, 1, 'bB4'),
(218, 1, 'bB5'),
(219, 1, 'bB6'),
(220, 1, 'bB7'),
(221, 1, 'bB8'),
(222, 1, 'bB9'),
(223, 1, 'bB10'),
(224, 1, 'bC1'),
(225, 1, 'bC2'),
(226, 1, 'bC3'),
(227, 1, 'bC4'),
(228, 1, 'bC5'),
(229, 1, 'bC6'),
(230, 1, 'bC7'),
(231, 1, 'bC8'),
(232, 1, 'bC9'),
(233, 1, 'bC10'),
(234, 1, 'cA1'),
(235, 1, 'cA2'),
(236, 1, 'cA3'),
(237, 1, 'cA4'),
(238, 1, 'cA5'),
(239, 1, 'cA6'),
(240, 1, 'cA7'),
(241, 1, 'cA8'),
(242, 1, 'cA9'),
(243, 1, 'cA10'),
(244, 1, 'cA11'),
(245, 1, 'cA12'),
(246, 1, 'cA13'),
(247, 1, 'cA14'),
(248, 1, 'cA15'),
(249, 1, 'cA16'),
(250, 1, 'cA17'),
(251, 1, 'cA18'),
(252, 1, 'cA19'),
(253, 1, 'cA20'),
(254, 1, 'cA21'),
(255, 1, 'cA22'),
(256, 1, 'cA23'),
(257, 1, 'cA24'),
(258, 1, 'cA25'),
(259, 1, 'cA26'),
(260, 1, 'cB1'),
(261, 1, 'cB2'),
(262, 1, 'cB3'),
(263, 1, 'cB4'),
(264, 1, 'cB5'),
(265, 1, 'cB6'),
(266, 1, 'cB7'),
(267, 1, 'cB8'),
(268, 1, 'cB9'),
(269, 1, 'cB10'),
(270, 1, 'cB11'),
(271, 1, 'cB12'),
(272, 1, 'cB13'),
(273, 1, 'cB14'),
(274, 1, 'cB15'),
(275, 1, 'cB16'),
(276, 1, 'cB17'),
(277, 1, 'cB18'),
(278, 1, 'cB19'),
(279, 1, 'cB20'),
(280, 1, 'cB21'),
(281, 1, 'cB22'),
(282, 1, 'cB23'),
(283, 1, 'cB24'),
(284, 1, 'cB25'),
(285, 1, 'cB26'),
(286, 1, 'cB27'),
(287, 1, 'cB28'),
(288, 1, 'cB29'),
(289, 1, 'cB30'),
(290, 1, 'cB31'),
(291, 1, 'cB32'),
(292, 1, 'cB33'),
(293, 1, 'cB34'),
(294, 1, 'cB35'),
(295, 1, 'cB36'),
(296, 1, 'cB37'),
(297, 1, 'cB38'),
(298, 1, 'cB39'),
(299, 1, 'cC1'),
(300, 1, 'cC2'),
(301, 1, 'cC3'),
(302, 1, 'cC4'),
(303, 1, 'cC5'),
(304, 1, 'cC6'),
(305, 1, 'cC7'),
(306, 1, 'cC8'),
(307, 1, 'cC9'),
(308, 1, 'cC10'),
(309, 1, 'cC11'),
(310, 1, 'cC12'),
(311, 1, 'cC13'),
(312, 1, 'cC14'),
(313, 1, 'cC15'),
(314, 1, 'cC16'),
(315, 1, 'cC17'),
(316, 1, 'cC18'),
(317, 1, 'cC19'),
(318, 1, 'cC20'),
(319, 1, 'cC21'),
(320, 1, 'cC22'),
(321, 1, 'cC23'),
(322, 1, 'cC24'),
(323, 1, 'cC25'),
(324, 1, 'cC26'),
(325, 2, 'fA1'),
(326, 2, 'fA2'),
(327, 2, 'fA3'),
(328, 2, 'fA4'),
(329, 2, 'fA5'),
(330, 2, 'fC1'),
(331, 2, 'fC2'),
(332, 2, 'fC3'),
(333, 2, 'fC4'),
(334, 2, 'fC5'),
(335, 2, 'bA1'),
(336, 2, 'bA2'),
(337, 2, 'bA3'),
(338, 2, 'bA4'),
(339, 2, 'bA5'),
(340, 2, 'bA6'),
(341, 2, 'bA7'),
(342, 2, 'bA8'),
(343, 2, 'bC1'),
(344, 2, 'bC2'),
(345, 2, 'bC3'),
(346, 2, 'bC4'),
(347, 2, 'bC5'),
(348, 2, 'bC6'),
(349, 2, 'bC7'),
(350, 2, 'bC8'),
(351, 2, 'cA1'),
(352, 2, 'cA2'),
(353, 2, 'cA3'),
(354, 2, 'cA4'),
(355, 2, 'cA5'),
(356, 2, 'cA6'),
(357, 2, 'cA7'),
(358, 2, 'cA8'),
(359, 2, 'cA9'),
(360, 2, 'cA10'),
(361, 2, 'cA11'),
(362, 2, 'cA12'),
(363, 2, 'cA13'),
(364, 2, 'cA14'),
(365, 2, 'cA15'),
(366, 2, 'cA16'),
(367, 2, 'cA17'),
(368, 2, 'cA18'),
(369, 2, 'cA19'),
(370, 2, 'cA20'),
(371, 2, 'cA21'),
(372, 2, 'cA22'),
(373, 2, 'cA23'),
(374, 2, 'cA24'),
(375, 2, 'cA25'),
(376, 2, 'cA26'),
(377, 2, 'cB1'),
(378, 2, 'cB2'),
(379, 2, 'cB3'),
(380, 2, 'cB4'),
(381, 2, 'cB5'),
(382, 2, 'cB6'),
(383, 2, 'cB7'),
(384, 2, 'cB8'),
(385, 2, 'cB9'),
(386, 2, 'cB10'),
(387, 2, 'cB11'),
(388, 2, 'cB12'),
(389, 2, 'cB13'),
(390, 2, 'cB14'),
(391, 2, 'cB15'),
(392, 2, 'cB16'),
(393, 2, 'cB17'),
(394, 2, 'cB18'),
(395, 2, 'cB19'),
(396, 2, 'cB20'),
(397, 2, 'cB21'),
(398, 2, 'cB22'),
(399, 2, 'cB23'),
(400, 2, 'cB24'),
(401, 2, 'cB25'),
(402, 2, 'cB26'),
(403, 2, 'cC1'),
(404, 2, 'cC2'),
(405, 2, 'cC3'),
(406, 2, 'cC4'),
(407, 2, 'cC5'),
(408, 2, 'cC6'),
(409, 2, 'cC7'),
(410, 2, 'cC8'),
(411, 2, 'cC9'),
(412, 2, 'cC10'),
(413, 2, 'cC11'),
(414, 2, 'cC12'),
(415, 2, 'cC13'),
(416, 2, 'cC14'),
(417, 2, 'cC15'),
(418, 2, 'cC16'),
(419, 2, 'cC17'),
(420, 2, 'cC18'),
(421, 2, 'cC19'),
(422, 2, 'cC20'),
(423, 2, 'cC21'),
(424, 2, 'cC22'),
(425, 2, 'cC23'),
(426, 2, 'cC24'),
(427, 2, 'cC25'),
(428, 2, 'cC26'),
(429, 3, 'fA1'),
(430, 3, 'fA2'),
(431, 3, 'fA3'),
(432, 3, 'fA4'),
(433, 3, 'fA5'),
(434, 3, 'fB1'),
(435, 3, 'fB2'),
(436, 3, 'fB3'),
(437, 3, 'fB4'),
(438, 3, 'fB5'),
(439, 3, 'fC1'),
(440, 3, 'fC2'),
(441, 3, 'fC3'),
(442, 3, 'fC4'),
(443, 3, 'fC5'),
(444, 3, 'bA1'),
(445, 3, 'bA2'),
(446, 3, 'bA3'),
(447, 3, 'bA4'),
(448, 3, 'bA5'),
(449, 3, 'bA6'),
(450, 3, 'bA7'),
(451, 3, 'bA8'),
(452, 3, 'bA9'),
(453, 3, 'bA10'),
(454, 3, 'bB1'),
(455, 3, 'bB2'),
(456, 3, 'bB3'),
(457, 3, 'bB4'),
(458, 3, 'bB5'),
(459, 3, 'bB6'),
(460, 3, 'bB7'),
(461, 3, 'bB8'),
(462, 3, 'bB9'),
(463, 3, 'bB10'),
(464, 3, 'bC1'),
(465, 3, 'bC2'),
(466, 3, 'bC3'),
(467, 3, 'bC4'),
(468, 3, 'bC5'),
(469, 3, 'bC6'),
(470, 3, 'bC7'),
(471, 3, 'bC8'),
(472, 3, 'bC9'),
(473, 3, 'bC10'),
(474, 3, 'cA1'),
(475, 3, 'cA2'),
(476, 3, 'cA3'),
(477, 3, 'cA4'),
(478, 3, 'cA5'),
(479, 3, 'cA6'),
(480, 3, 'cA7'),
(481, 3, 'cA8'),
(482, 3, 'cA9'),
(483, 3, 'cA10'),
(484, 3, 'cA11'),
(485, 3, 'cA12'),
(486, 3, 'cA13'),
(487, 3, 'cA14'),
(488, 3, 'cA15'),
(489, 3, 'cA16'),
(490, 3, 'cA17'),
(491, 3, 'cA18'),
(492, 3, 'cA19'),
(493, 3, 'cA20'),
(494, 3, 'cA21'),
(495, 3, 'cA22'),
(496, 3, 'cA23'),
(497, 3, 'cA24'),
(498, 3, 'cA25'),
(499, 3, 'cA26'),
(500, 3, 'cB1'),
(501, 3, 'cB2'),
(502, 3, 'cB3'),
(503, 3, 'cB4'),
(504, 3, 'cB5'),
(505, 3, 'cB6'),
(506, 3, 'cB7'),
(507, 3, 'cB8'),
(508, 3, 'cB9'),
(509, 3, 'cB10'),
(510, 3, 'cB11'),
(511, 3, 'cB12'),
(512, 3, 'cB13'),
(513, 3, 'cB14'),
(514, 3, 'cB15'),
(515, 3, 'cB16'),
(516, 3, 'cB17'),
(517, 3, 'cB18'),
(518, 3, 'cB19'),
(519, 3, 'cB20'),
(520, 3, 'cB21'),
(521, 3, 'cB22'),
(522, 3, 'cB23'),
(523, 3, 'cB24'),
(524, 3, 'cB25'),
(525, 3, 'cB26'),
(526, 3, 'cB27'),
(527, 3, 'cB28'),
(528, 3, 'cB29'),
(529, 3, 'cB30'),
(530, 3, 'cB31'),
(531, 3, 'cB32'),
(532, 3, 'cB33'),
(533, 3, 'cB34'),
(534, 3, 'cB35'),
(535, 3, 'cB36'),
(536, 3, 'cB37'),
(537, 3, 'cB38'),
(538, 3, 'cB39'),
(539, 3, 'cC1'),
(540, 3, 'cC2'),
(541, 3, 'cC3'),
(542, 3, 'cC4'),
(543, 3, 'cC5'),
(544, 3, 'cC6'),
(545, 3, 'cC7'),
(546, 3, 'cC8'),
(547, 3, 'cC9'),
(548, 3, 'cC10'),
(549, 3, 'cC11'),
(550, 3, 'cC12'),
(551, 3, 'cC13'),
(552, 3, 'cC14'),
(553, 3, 'cC15'),
(554, 3, 'cC16'),
(555, 3, 'cC17'),
(556, 3, 'cC18'),
(557, 3, 'cC19'),
(558, 3, 'cC20'),
(559, 3, 'cC21'),
(560, 3, 'cC22'),
(561, 3, 'cC23'),
(562, 3, 'cC24'),
(563, 3, 'cC25'),
(564, 3, 'cC26'),
(565, 4, 'fA1'),
(566, 4, 'fA2'),
(567, 4, 'fA3'),
(568, 4, 'fA4'),
(569, 4, 'fA5'),
(570, 4, 'fC1'),
(571, 4, 'fC2'),
(572, 4, 'fC3'),
(573, 4, 'fC4'),
(574, 4, 'fC5'),
(575, 4, 'bA1'),
(576, 4, 'bA2'),
(577, 4, 'bA3'),
(578, 4, 'bA4'),
(579, 4, 'bA5'),
(580, 4, 'bA6'),
(581, 4, 'bA7'),
(582, 4, 'bA8'),
(583, 4, 'bC1'),
(584, 4, 'bC2'),
(585, 4, 'bC3'),
(586, 4, 'bC4'),
(587, 4, 'bC5'),
(588, 4, 'bC6'),
(589, 4, 'bC7'),
(590, 4, 'bC8'),
(591, 4, 'cA1'),
(592, 4, 'cA2'),
(593, 4, 'cA3'),
(594, 4, 'cA4'),
(595, 4, 'cA5'),
(596, 4, 'cA6'),
(597, 4, 'cA7'),
(598, 4, 'cA8'),
(599, 4, 'cA9'),
(600, 4, 'cA10'),
(601, 4, 'cA11'),
(602, 4, 'cA12'),
(603, 4, 'cA13'),
(604, 4, 'cA14'),
(605, 4, 'cA15'),
(606, 4, 'cA16'),
(607, 4, 'cA17'),
(608, 4, 'cA18'),
(609, 4, 'cA19'),
(610, 4, 'cA20'),
(611, 4, 'cA21'),
(612, 4, 'cA22'),
(613, 4, 'cA23'),
(614, 4, 'cA24'),
(615, 4, 'cA25'),
(616, 4, 'cA26'),
(617, 4, 'cB1'),
(618, 4, 'cB2'),
(619, 4, 'cB3'),
(620, 4, 'cB4'),
(621, 4, 'cB5'),
(622, 4, 'cB6'),
(623, 4, 'cB7'),
(624, 4, 'cB8'),
(625, 4, 'cB9'),
(626, 4, 'cB10'),
(627, 4, 'cB11'),
(628, 4, 'cB12'),
(629, 4, 'cB13'),
(630, 4, 'cB14'),
(631, 4, 'cB15'),
(632, 4, 'cB16'),
(633, 4, 'cB17'),
(634, 4, 'cB18'),
(635, 4, 'cB19'),
(636, 4, 'cB20'),
(637, 4, 'cB21'),
(638, 4, 'cB22'),
(639, 4, 'cB23'),
(640, 4, 'cB24'),
(641, 4, 'cB25'),
(642, 4, 'cB26'),
(643, 4, 'cC1'),
(644, 4, 'cC2'),
(645, 4, 'cC3'),
(646, 4, 'cC4'),
(647, 4, 'cC5'),
(648, 4, 'cC6'),
(649, 4, 'cC7'),
(650, 4, 'cC8'),
(651, 4, 'cC9'),
(652, 4, 'cC10'),
(653, 4, 'cC11'),
(654, 4, 'cC12'),
(655, 4, 'cC13'),
(656, 4, 'cC14'),
(657, 4, 'cC15'),
(658, 4, 'cC16'),
(659, 4, 'cC17'),
(660, 4, 'cC18'),
(661, 4, 'cC19'),
(662, 4, 'cC20'),
(663, 4, 'cC21'),
(664, 4, 'cC22'),
(665, 4, 'cC23'),
(666, 4, 'cC24'),
(667, 4, 'cC25'),
(668, 4, 'cC26'),
(669, 6, 'fA1'),
(670, 6, 'fA2'),
(671, 6, 'fA3'),
(672, 6, 'fA4'),
(673, 6, 'fA5'),
(674, 6, 'fB1'),
(675, 6, 'fB2'),
(676, 6, 'fB3'),
(677, 6, 'fB4'),
(678, 6, 'fB5'),
(679, 6, 'fC1'),
(680, 6, 'fC2'),
(681, 6, 'fC3'),
(682, 6, 'fC4'),
(683, 6, 'fC5'),
(684, 6, 'bA1'),
(685, 6, 'bA2'),
(686, 6, 'bA3'),
(687, 6, 'bA4'),
(688, 6, 'bA5'),
(689, 6, 'bA6'),
(690, 6, 'bA7'),
(691, 6, 'bA8'),
(692, 6, 'bA9'),
(693, 6, 'bA10'),
(694, 6, 'bB1'),
(695, 6, 'bB2'),
(696, 6, 'bB3'),
(697, 6, 'bB4'),
(698, 6, 'bB5'),
(699, 6, 'bB6'),
(700, 6, 'bB7'),
(701, 6, 'bB8'),
(702, 6, 'bB9'),
(703, 6, 'bB10'),
(704, 6, 'bC1'),
(705, 6, 'bC2'),
(706, 6, 'bC3'),
(707, 6, 'bC4'),
(708, 6, 'bC5'),
(709, 6, 'bC6'),
(710, 6, 'bC7'),
(711, 6, 'bC8'),
(712, 6, 'bC9'),
(713, 6, 'bC10'),
(714, 6, 'cA1'),
(715, 6, 'cA2'),
(716, 6, 'cA3'),
(717, 6, 'cA4'),
(718, 6, 'cA5'),
(719, 6, 'cA6'),
(720, 6, 'cA7'),
(721, 6, 'cA8'),
(722, 6, 'cA9'),
(723, 6, 'cA10'),
(724, 6, 'cA11'),
(725, 6, 'cA12'),
(726, 6, 'cA13'),
(727, 6, 'cA14'),
(728, 6, 'cA15'),
(729, 6, 'cA16'),
(730, 6, 'cA17'),
(731, 6, 'cA18'),
(732, 6, 'cA19'),
(733, 6, 'cA20'),
(734, 6, 'cA21'),
(735, 6, 'cA22'),
(736, 6, 'cA23'),
(737, 6, 'cA24'),
(738, 6, 'cA25'),
(739, 6, 'cA26'),
(740, 6, 'cB1'),
(741, 6, 'cB2'),
(742, 6, 'cB3'),
(743, 6, 'cB4'),
(744, 6, 'cB5'),
(745, 6, 'cB6'),
(746, 6, 'cB7'),
(747, 6, 'cB8'),
(748, 6, 'cB9'),
(749, 6, 'cB10'),
(750, 6, 'cB11'),
(751, 6, 'cB12'),
(752, 6, 'cB13'),
(753, 6, 'cB14'),
(754, 6, 'cB15'),
(755, 6, 'cB16'),
(756, 6, 'cB17'),
(757, 6, 'cB18'),
(758, 6, 'cB19'),
(759, 6, 'cB20'),
(760, 6, 'cB21'),
(761, 6, 'cB22'),
(762, 6, 'cB23'),
(763, 6, 'cB24'),
(764, 6, 'cB25'),
(765, 6, 'cB26'),
(766, 6, 'cB27'),
(767, 6, 'cB28'),
(768, 6, 'cB29'),
(769, 6, 'cB30'),
(770, 6, 'cB31'),
(771, 6, 'cB32'),
(772, 6, 'cB33'),
(773, 6, 'cB34'),
(774, 6, 'cB35'),
(775, 6, 'cB36'),
(776, 6, 'cB37'),
(777, 6, 'cB38'),
(778, 6, 'cB39'),
(779, 6, 'cC1'),
(780, 6, 'cC2'),
(781, 6, 'cC3'),
(782, 6, 'cC4'),
(783, 6, 'cC5'),
(784, 6, 'cC6'),
(785, 6, 'cC7'),
(786, 6, 'cC8'),
(787, 6, 'cC9'),
(788, 6, 'cC10'),
(789, 6, 'cC11'),
(790, 6, 'cC12'),
(791, 6, 'cC13'),
(792, 6, 'cC14'),
(793, 6, 'cC15'),
(794, 6, 'cC16'),
(795, 6, 'cC17'),
(796, 6, 'cC18'),
(797, 6, 'cC19'),
(798, 6, 'cC20'),
(799, 6, 'cC21'),
(800, 6, 'cC22'),
(801, 6, 'cC23'),
(802, 6, 'cC24'),
(803, 6, 'cC25'),
(804, 6, 'cC26');

-- 
-- Dumping data for table tickets
--
INSERT INTO tickets VALUES
(1, 1, 4, 3, 192, 25000),
(2, 4, 4, 3, 196, 25000),
(3, 2, 4, 2, 217, 20000),
(4, 3, 6, 3, 190, 25000),
(5, 1, 7, 3, 326, 15000),
(6, 1, 8, 2, 578, 13000),
(7, 1, 9, 3, 677, 20000),
(8, 1, 12, 1, 267, 30500),
(9, 1, 14, 2, 468, 18000),
(10, 2, 8, 1, 618, 8500),
(11, 1, 9, 3, 673, 20000),
(12, 1, 4, 3, 194, 25000),
(13, 1, 10, 2, 458, 35000),
(14, 1, 13, 3, 192, 25000),
(15, 1, 8, 2, 583, 13000),
(16, 9, 4, 2, 205, 20000),
(17, 9, 9, 1, 744, 10500),
(18, 9, 12, 3, 191, 40000);

-- 
-- Dumping data for table seats_and_voyages_link
--
INSERT INTO seats_and_voyages_link VALUES
(189, 4, 0),
(190, 4, 0),
(191, 4, 0),
(192, 4, 1),
(193, 4, 0),
(194, 4, 1),
(195, 4, 0),
(196, 4, 1),
(197, 4, 0),
(198, 4, 0),
(199, 4, 0),
(200, 4, 0),
(201, 4, 0),
(202, 4, 0),
(203, 4, 0),
(204, 4, 0),
(205, 4, 1),
(206, 4, 0),
(207, 4, 0),
(208, 4, 0),
(209, 4, 0),
(210, 4, 0),
(211, 4, 0),
(212, 4, 0),
(213, 4, 0),
(214, 4, 0),
(215, 4, 0),
(216, 4, 0),
(217, 4, 1),
(218, 4, 0),
(219, 4, 0),
(220, 4, 0),
(221, 4, 0),
(222, 4, 0),
(223, 4, 0),
(224, 4, 0),
(225, 4, 0),
(226, 4, 0),
(227, 4, 0),
(228, 4, 0),
(229, 4, 0),
(230, 4, 0),
(231, 4, 0),
(232, 4, 0),
(233, 4, 0),
(234, 4, 0),
(235, 4, 0),
(236, 4, 0),
(237, 4, 0),
(238, 4, 0),
(239, 4, 0),
(240, 4, 0),
(241, 4, 0),
(242, 4, 0),
(243, 4, 0),
(244, 4, 0),
(245, 4, 0),
(246, 4, 0),
(247, 4, 0),
(248, 4, 0),
(249, 4, 0),
(250, 4, 0),
(251, 4, 0),
(252, 4, 0),
(253, 4, 0),
(254, 4, 0),
(255, 4, 0),
(256, 4, 0),
(257, 4, 0),
(258, 4, 0),
(259, 4, 0),
(260, 4, 0),
(261, 4, 0),
(262, 4, 0),
(263, 4, 0),
(264, 4, 0),
(265, 4, 0),
(266, 4, 0),
(267, 4, 0),
(268, 4, 0),
(269, 4, 0),
(270, 4, 0),
(271, 4, 0),
(272, 4, 0),
(273, 4, 0),
(274, 4, 0),
(275, 4, 0),
(276, 4, 0),
(277, 4, 0),
(278, 4, 0),
(279, 4, 0),
(280, 4, 0),
(281, 4, 0),
(282, 4, 0),
(283, 4, 0),
(284, 4, 0),
(285, 4, 0),
(286, 4, 0),
(287, 4, 0),
(288, 4, 0),
(289, 4, 0),
(290, 4, 0),
(291, 4, 0),
(292, 4, 0),
(293, 4, 0),
(294, 4, 0),
(295, 4, 0),
(296, 4, 0),
(297, 4, 0),
(298, 4, 0),
(299, 4, 0),
(300, 4, 0),
(301, 4, 0),
(302, 4, 0),
(303, 4, 0),
(304, 4, 0),
(305, 4, 0),
(306, 4, 0),
(307, 4, 0),
(308, 4, 0),
(309, 4, 0),
(310, 4, 0),
(311, 4, 0),
(312, 4, 0),
(313, 4, 0),
(314, 4, 0),
(315, 4, 0),
(316, 4, 0),
(317, 4, 0),
(318, 4, 0),
(319, 4, 0),
(320, 4, 0),
(321, 4, 0),
(322, 4, 0),
(323, 4, 0),
(324, 4, 0),
(189, 6, 0),
(190, 6, 1),
(191, 6, 0),
(192, 6, 0),
(193, 6, 0),
(194, 6, 0),
(195, 6, 0),
(196, 6, 0),
(197, 6, 0),
(198, 6, 0),
(199, 6, 0),
(200, 6, 0),
(201, 6, 0),
(202, 6, 0),
(203, 6, 0),
(204, 6, 0),
(205, 6, 0),
(206, 6, 0),
(207, 6, 0),
(208, 6, 0),
(209, 6, 0),
(210, 6, 0),
(211, 6, 0),
(212, 6, 0),
(213, 6, 0),
(214, 6, 0),
(215, 6, 0),
(216, 6, 0),
(217, 6, 0),
(218, 6, 0),
(219, 6, 0),
(220, 6, 0),
(221, 6, 0),
(222, 6, 0),
(223, 6, 0),
(224, 6, 0),
(225, 6, 0),
(226, 6, 0),
(227, 6, 0),
(228, 6, 0),
(229, 6, 0),
(230, 6, 0),
(231, 6, 0),
(232, 6, 0),
(233, 6, 0),
(234, 6, 0),
(235, 6, 0),
(236, 6, 0),
(237, 6, 0),
(238, 6, 0),
(239, 6, 0),
(240, 6, 0),
(241, 6, 0),
(242, 6, 0),
(243, 6, 0),
(244, 6, 0),
(245, 6, 0),
(246, 6, 0),
(247, 6, 0),
(248, 6, 0),
(249, 6, 0),
(250, 6, 0),
(251, 6, 0),
(252, 6, 0),
(253, 6, 0),
(254, 6, 0),
(255, 6, 0),
(256, 6, 0),
(257, 6, 0),
(258, 6, 0),
(259, 6, 0),
(260, 6, 0),
(261, 6, 0),
(262, 6, 0),
(263, 6, 0),
(264, 6, 0),
(265, 6, 0),
(266, 6, 0),
(267, 6, 0),
(268, 6, 0),
(269, 6, 0),
(270, 6, 0),
(271, 6, 0),
(272, 6, 0),
(273, 6, 0),
(274, 6, 0),
(275, 6, 0),
(276, 6, 0),
(277, 6, 0),
(278, 6, 0),
(279, 6, 0),
(280, 6, 0),
(281, 6, 0),
(282, 6, 0),
(283, 6, 0),
(284, 6, 0),
(285, 6, 0),
(286, 6, 0),
(287, 6, 0),
(288, 6, 0),
(289, 6, 0),
(290, 6, 0),
(291, 6, 0),
(292, 6, 0),
(293, 6, 0),
(294, 6, 0),
(295, 6, 0),
(296, 6, 0),
(297, 6, 0),
(298, 6, 0),
(299, 6, 0),
(300, 6, 0),
(301, 6, 0),
(302, 6, 0),
(303, 6, 0),
(304, 6, 0),
(305, 6, 0),
(306, 6, 0),
(307, 6, 0),
(308, 6, 0),
(309, 6, 0),
(310, 6, 0),
(311, 6, 0),
(312, 6, 0),
(313, 6, 0),
(314, 6, 0),
(315, 6, 0),
(316, 6, 0),
(317, 6, 0),
(318, 6, 0),
(319, 6, 0),
(320, 6, 0),
(321, 6, 0),
(322, 6, 0),
(323, 6, 0),
(324, 6, 0),
(325, 7, 0),
(326, 7, 1),
(327, 7, 0),
(328, 7, 0),
(329, 7, 0),
(330, 7, 0),
(331, 7, 0),
(332, 7, 0),
(333, 7, 0),
(334, 7, 0),
(335, 7, 0),
(336, 7, 0),
(337, 7, 0),
(338, 7, 0),
(339, 7, 0),
(340, 7, 0),
(341, 7, 0),
(342, 7, 0),
(343, 7, 0),
(344, 7, 0),
(345, 7, 0),
(346, 7, 0),
(347, 7, 0),
(348, 7, 0),
(349, 7, 0),
(350, 7, 0),
(351, 7, 0),
(352, 7, 0),
(353, 7, 0),
(354, 7, 0),
(355, 7, 0),
(356, 7, 0),
(357, 7, 0),
(358, 7, 0),
(359, 7, 0),
(360, 7, 0),
(361, 7, 0),
(362, 7, 0),
(363, 7, 0),
(364, 7, 0),
(365, 7, 0),
(366, 7, 0),
(367, 7, 0),
(368, 7, 0),
(369, 7, 0),
(370, 7, 0),
(371, 7, 0),
(372, 7, 0),
(373, 7, 0),
(374, 7, 0),
(375, 7, 0),
(376, 7, 0),
(377, 7, 0),
(378, 7, 0),
(379, 7, 0),
(380, 7, 0),
(381, 7, 0),
(382, 7, 0),
(383, 7, 0),
(384, 7, 0),
(385, 7, 0),
(386, 7, 0),
(387, 7, 0),
(388, 7, 0),
(389, 7, 0),
(390, 7, 0),
(391, 7, 0),
(392, 7, 0),
(393, 7, 0),
(394, 7, 0),
(395, 7, 0),
(396, 7, 0),
(397, 7, 0),
(398, 7, 0),
(399, 7, 0),
(400, 7, 0),
(401, 7, 0),
(402, 7, 0),
(403, 7, 0),
(404, 7, 0),
(405, 7, 0),
(406, 7, 0),
(407, 7, 0),
(408, 7, 0),
(409, 7, 0),
(410, 7, 0),
(411, 7, 0),
(412, 7, 0),
(413, 7, 0),
(414, 7, 0),
(415, 7, 0),
(416, 7, 0),
(417, 7, 0),
(418, 7, 0),
(419, 7, 0),
(420, 7, 0),
(421, 7, 0),
(422, 7, 0),
(423, 7, 0),
(424, 7, 0),
(425, 7, 0),
(426, 7, 0),
(427, 7, 0),
(428, 7, 0),
(565, 8, 0),
(566, 8, 0),
(567, 8, 0),
(568, 8, 0),
(569, 8, 0),
(570, 8, 0),
(571, 8, 0),
(572, 8, 0),
(573, 8, 0),
(574, 8, 0),
(575, 8, 0),
(576, 8, 0),
(577, 8, 0),
(578, 8, 1),
(579, 8, 0),
(580, 8, 0),
(581, 8, 0),
(582, 8, 0),
(583, 8, 1),
(584, 8, 0),
(585, 8, 0),
(586, 8, 0),
(587, 8, 0),
(588, 8, 0),
(589, 8, 0),
(590, 8, 0),
(591, 8, 0),
(592, 8, 0),
(593, 8, 0),
(594, 8, 0),
(595, 8, 0),
(596, 8, 0),
(597, 8, 0),
(598, 8, 0),
(599, 8, 0),
(600, 8, 0),
(601, 8, 0),
(602, 8, 0),
(603, 8, 0),
(604, 8, 0),
(605, 8, 0),
(606, 8, 0),
(607, 8, 0),
(608, 8, 0),
(609, 8, 0),
(610, 8, 0),
(611, 8, 0),
(612, 8, 0),
(613, 8, 0),
(614, 8, 0),
(615, 8, 0),
(616, 8, 0),
(617, 8, 0),
(618, 8, 1),
(619, 8, 0),
(620, 8, 0),
(621, 8, 0),
(622, 8, 0),
(623, 8, 0),
(624, 8, 0),
(625, 8, 0),
(626, 8, 0),
(627, 8, 0),
(628, 8, 0),
(629, 8, 0),
(630, 8, 0),
(631, 8, 0),
(632, 8, 0),
(633, 8, 0),
(634, 8, 0),
(635, 8, 0),
(636, 8, 0),
(637, 8, 0),
(638, 8, 0),
(639, 8, 0),
(640, 8, 0),
(641, 8, 0),
(642, 8, 0),
(643, 8, 0),
(644, 8, 0),
(645, 8, 0),
(646, 8, 0),
(647, 8, 0),
(648, 8, 0),
(649, 8, 0),
(650, 8, 0),
(651, 8, 0),
(652, 8, 0),
(653, 8, 0),
(654, 8, 0),
(655, 8, 0),
(656, 8, 0),
(657, 8, 0),
(658, 8, 0),
(659, 8, 0),
(660, 8, 0),
(661, 8, 0),
(662, 8, 0),
(663, 8, 0),
(664, 8, 0),
(665, 8, 0),
(666, 8, 0),
(667, 8, 0),
(668, 8, 0),
(669, 9, 0),
(670, 9, 0),
(671, 9, 0),
(672, 9, 0),
(673, 9, 1),
(674, 9, 0),
(675, 9, 0),
(676, 9, 0),
(677, 9, 1),
(678, 9, 0),
(679, 9, 0),
(680, 9, 0),
(681, 9, 0),
(682, 9, 0),
(683, 9, 0),
(684, 9, 0),
(685, 9, 0),
(686, 9, 0),
(687, 9, 0),
(688, 9, 0),
(689, 9, 0),
(690, 9, 0),
(691, 9, 0),
(692, 9, 0),
(693, 9, 0),
(694, 9, 0),
(695, 9, 0),
(696, 9, 0),
(697, 9, 0),
(698, 9, 0),
(699, 9, 0),
(700, 9, 0),
(701, 9, 0),
(702, 9, 0),
(703, 9, 0),
(704, 9, 0),
(705, 9, 0),
(706, 9, 0),
(707, 9, 0),
(708, 9, 0),
(709, 9, 0),
(710, 9, 0),
(711, 9, 0),
(712, 9, 0),
(713, 9, 0),
(714, 9, 0),
(715, 9, 0),
(716, 9, 0),
(717, 9, 0),
(718, 9, 0),
(719, 9, 0),
(720, 9, 0),
(721, 9, 0),
(722, 9, 0),
(723, 9, 0),
(724, 9, 0),
(725, 9, 0),
(726, 9, 0),
(727, 9, 0),
(728, 9, 0),
(729, 9, 0),
(730, 9, 0),
(731, 9, 0),
(732, 9, 0),
(733, 9, 0),
(734, 9, 0),
(735, 9, 0),
(736, 9, 0),
(737, 9, 0),
(738, 9, 0),
(739, 9, 0),
(740, 9, 0),
(741, 9, 0),
(742, 9, 0),
(743, 9, 0),
(744, 9, 1),
(745, 9, 0),
(746, 9, 0),
(747, 9, 0),
(748, 9, 0),
(749, 9, 0),
(750, 9, 0),
(751, 9, 0),
(752, 9, 0),
(753, 9, 0),
(754, 9, 0),
(755, 9, 0),
(756, 9, 0),
(757, 9, 0),
(758, 9, 0),
(759, 9, 0),
(760, 9, 0),
(761, 9, 0),
(762, 9, 0),
(763, 9, 0),
(764, 9, 0),
(765, 9, 0),
(766, 9, 0),
(767, 9, 0),
(768, 9, 0),
(769, 9, 0),
(770, 9, 0),
(771, 9, 0),
(772, 9, 0),
(773, 9, 0),
(774, 9, 0),
(775, 9, 0),
(776, 9, 0),
(777, 9, 0),
(778, 9, 0),
(779, 9, 0),
(780, 9, 0),
(781, 9, 0),
(782, 9, 0),
(783, 9, 0),
(784, 9, 0),
(785, 9, 0),
(786, 9, 0),
(787, 9, 0),
(788, 9, 0),
(789, 9, 0),
(790, 9, 0),
(791, 9, 0),
(792, 9, 0),
(793, 9, 0),
(794, 9, 0),
(795, 9, 0),
(796, 9, 0),
(797, 9, 0),
(798, 9, 0),
(799, 9, 0),
(800, 9, 0),
(801, 9, 0),
(802, 9, 0),
(803, 9, 0),
(804, 9, 0),
(429, 10, 0),
(430, 10, 0),
(431, 10, 0),
(432, 10, 0),
(433, 10, 0),
(434, 10, 0),
(435, 10, 0),
(436, 10, 0),
(437, 10, 0),
(438, 10, 0),
(439, 10, 0),
(440, 10, 0),
(441, 10, 0),
(442, 10, 0),
(443, 10, 0),
(444, 10, 0),
(445, 10, 0),
(446, 10, 0),
(447, 10, 0),
(448, 10, 0),
(449, 10, 0),
(450, 10, 0),
(451, 10, 0),
(452, 10, 0),
(453, 10, 0),
(454, 10, 0),
(455, 10, 0),
(456, 10, 0),
(457, 10, 0),
(458, 10, 1),
(459, 10, 0),
(460, 10, 0),
(461, 10, 0),
(462, 10, 0),
(463, 10, 0),
(464, 10, 0),
(465, 10, 0),
(466, 10, 0),
(467, 10, 0),
(468, 10, 0),
(469, 10, 0),
(470, 10, 0),
(471, 10, 0),
(472, 10, 0),
(473, 10, 0),
(474, 10, 0),
(475, 10, 0),
(476, 10, 0),
(477, 10, 0),
(478, 10, 0),
(479, 10, 0),
(480, 10, 0),
(481, 10, 0),
(482, 10, 0),
(483, 10, 0),
(484, 10, 0),
(485, 10, 0),
(486, 10, 0),
(487, 10, 0),
(488, 10, 0),
(489, 10, 0),
(490, 10, 0),
(491, 10, 0),
(492, 10, 0),
(493, 10, 0),
(494, 10, 0),
(495, 10, 0),
(496, 10, 0),
(497, 10, 0),
(498, 10, 0),
(499, 10, 0),
(500, 10, 0),
(501, 10, 0),
(502, 10, 0),
(503, 10, 0),
(504, 10, 0),
(505, 10, 0),
(506, 10, 0),
(507, 10, 0),
(508, 10, 0),
(509, 10, 0),
(510, 10, 0),
(511, 10, 0),
(512, 10, 0),
(513, 10, 0),
(514, 10, 0),
(515, 10, 0),
(516, 10, 0),
(517, 10, 0),
(518, 10, 0),
(519, 10, 0),
(520, 10, 0),
(521, 10, 0),
(522, 10, 0),
(523, 10, 0),
(524, 10, 0),
(525, 10, 0),
(526, 10, 0),
(527, 10, 0),
(528, 10, 0),
(529, 10, 0),
(530, 10, 0),
(531, 10, 0),
(532, 10, 0),
(533, 10, 0),
(534, 10, 0),
(535, 10, 0),
(536, 10, 0),
(537, 10, 0),
(538, 10, 0),
(539, 10, 0),
(540, 10, 0),
(541, 10, 0),
(542, 10, 0),
(543, 10, 0),
(544, 10, 0),
(545, 10, 0),
(546, 10, 0),
(547, 10, 0),
(548, 10, 0),
(549, 10, 0),
(550, 10, 0),
(551, 10, 0),
(552, 10, 0),
(553, 10, 0),
(554, 10, 0),
(555, 10, 0),
(556, 10, 0),
(557, 10, 0),
(558, 10, 0),
(559, 10, 0),
(560, 10, 0),
(561, 10, 0),
(562, 10, 0),
(563, 10, 0),
(564, 10, 0),
(189, 11, 0),
(190, 11, 0),
(191, 11, 0),
(192, 11, 0),
(193, 11, 0),
(194, 11, 0),
(195, 11, 0),
(196, 11, 0),
(197, 11, 0),
(198, 11, 0),
(199, 11, 0),
(200, 11, 0),
(201, 11, 0),
(202, 11, 0),
(203, 11, 0),
(204, 11, 0),
(205, 11, 0),
(206, 11, 0),
(207, 11, 0),
(208, 11, 0),
(209, 11, 0),
(210, 11, 0),
(211, 11, 0),
(212, 11, 0),
(213, 11, 0),
(214, 11, 0),
(215, 11, 0),
(216, 11, 0),
(217, 11, 0),
(218, 11, 0),
(219, 11, 0),
(220, 11, 0),
(221, 11, 0),
(222, 11, 0),
(223, 11, 0),
(224, 11, 0),
(225, 11, 0),
(226, 11, 0),
(227, 11, 0),
(228, 11, 0),
(229, 11, 0),
(230, 11, 0),
(231, 11, 0),
(232, 11, 0),
(233, 11, 0),
(234, 11, 0),
(235, 11, 0),
(236, 11, 0),
(237, 11, 0),
(238, 11, 0),
(239, 11, 0),
(240, 11, 0),
(241, 11, 0),
(242, 11, 0),
(243, 11, 0),
(244, 11, 0),
(245, 11, 0),
(246, 11, 0),
(247, 11, 0),
(248, 11, 0),
(249, 11, 0),
(250, 11, 0),
(251, 11, 0),
(252, 11, 0),
(253, 11, 0),
(254, 11, 0),
(255, 11, 0),
(256, 11, 0),
(257, 11, 0),
(258, 11, 0),
(259, 11, 0),
(260, 11, 0),
(261, 11, 0),
(262, 11, 0),
(263, 11, 0),
(264, 11, 0),
(265, 11, 0),
(266, 11, 0),
(267, 11, 0),
(268, 11, 0),
(269, 11, 0),
(270, 11, 0),
(271, 11, 0),
(272, 11, 0),
(273, 11, 0),
(274, 11, 0),
(275, 11, 0),
(276, 11, 0),
(277, 11, 0),
(278, 11, 0),
(279, 11, 0),
(280, 11, 0),
(281, 11, 0),
(282, 11, 0),
(283, 11, 0),
(284, 11, 0),
(285, 11, 0),
(286, 11, 0),
(287, 11, 0),
(288, 11, 0),
(289, 11, 0),
(290, 11, 0),
(291, 11, 0),
(292, 11, 0),
(293, 11, 0),
(294, 11, 0),
(295, 11, 0),
(296, 11, 0),
(297, 11, 0),
(298, 11, 0),
(299, 11, 0),
(300, 11, 0),
(301, 11, 0),
(302, 11, 0),
(303, 11, 0),
(304, 11, 0),
(305, 11, 0),
(306, 11, 0),
(307, 11, 0),
(308, 11, 0),
(309, 11, 0),
(310, 11, 0),
(311, 11, 0),
(312, 11, 0),
(313, 11, 0),
(314, 11, 0),
(315, 11, 0),
(316, 11, 0),
(317, 11, 0),
(318, 11, 0),
(319, 11, 0),
(320, 11, 0),
(321, 11, 0),
(322, 11, 0),
(323, 11, 0),
(324, 11, 0),
(189, 12, 0),
(190, 12, 0),
(191, 12, 1),
(192, 12, 0),
(193, 12, 0),
(194, 12, 0),
(195, 12, 0),
(196, 12, 0),
(197, 12, 0),
(198, 12, 0),
(199, 12, 0),
(200, 12, 0),
(201, 12, 0),
(202, 12, 0),
(203, 12, 0),
(204, 12, 0),
(205, 12, 0),
(206, 12, 0),
(207, 12, 0),
(208, 12, 0),
(209, 12, 0),
(210, 12, 0),
(211, 12, 0),
(212, 12, 0),
(213, 12, 0),
(214, 12, 0),
(215, 12, 0),
(216, 12, 0),
(217, 12, 0),
(218, 12, 0),
(219, 12, 0),
(220, 12, 0),
(221, 12, 0),
(222, 12, 0),
(223, 12, 0),
(224, 12, 0),
(225, 12, 0),
(226, 12, 0),
(227, 12, 0),
(228, 12, 0),
(229, 12, 0),
(230, 12, 0),
(231, 12, 0),
(232, 12, 0),
(233, 12, 0),
(234, 12, 0),
(235, 12, 0),
(236, 12, 0),
(237, 12, 0),
(238, 12, 0),
(239, 12, 0),
(240, 12, 0),
(241, 12, 0),
(242, 12, 0),
(243, 12, 0),
(244, 12, 0),
(245, 12, 0),
(246, 12, 0),
(247, 12, 0),
(248, 12, 0),
(249, 12, 0),
(250, 12, 0),
(251, 12, 0),
(252, 12, 0),
(253, 12, 0),
(254, 12, 0),
(255, 12, 0),
(256, 12, 0),
(257, 12, 0),
(258, 12, 0),
(259, 12, 0),
(260, 12, 0),
(261, 12, 0),
(262, 12, 0),
(263, 12, 0),
(264, 12, 0),
(265, 12, 0),
(266, 12, 0),
(267, 12, 1),
(268, 12, 0),
(269, 12, 0),
(270, 12, 0),
(271, 12, 0),
(272, 12, 0),
(273, 12, 0),
(274, 12, 0),
(275, 12, 0),
(276, 12, 0),
(277, 12, 0),
(278, 12, 0),
(279, 12, 0),
(280, 12, 0),
(281, 12, 0),
(282, 12, 0),
(283, 12, 0),
(284, 12, 0),
(285, 12, 0),
(286, 12, 0),
(287, 12, 0),
(288, 12, 0),
(289, 12, 0),
(290, 12, 0),
(291, 12, 0),
(292, 12, 0),
(293, 12, 0),
(294, 12, 0),
(295, 12, 0),
(296, 12, 0),
(297, 12, 0),
(298, 12, 0),
(299, 12, 0),
(300, 12, 0),
(301, 12, 0),
(302, 12, 0),
(303, 12, 0),
(304, 12, 0),
(305, 12, 0),
(306, 12, 0),
(307, 12, 0),
(308, 12, 0),
(309, 12, 0),
(310, 12, 0),
(311, 12, 0),
(312, 12, 0),
(313, 12, 0),
(314, 12, 0),
(315, 12, 0),
(316, 12, 0),
(317, 12, 0),
(318, 12, 0),
(319, 12, 0),
(320, 12, 0),
(321, 12, 0),
(322, 12, 0),
(323, 12, 0),
(324, 12, 0),
(189, 13, 0),
(190, 13, 0),
(191, 13, 0),
(192, 13, 1),
(193, 13, 0),
(194, 13, 0),
(195, 13, 0),
(196, 13, 0),
(197, 13, 0),
(198, 13, 0),
(199, 13, 0),
(200, 13, 0),
(201, 13, 0),
(202, 13, 0),
(203, 13, 0),
(204, 13, 0),
(205, 13, 0),
(206, 13, 0),
(207, 13, 0),
(208, 13, 0),
(209, 13, 0),
(210, 13, 0),
(211, 13, 0),
(212, 13, 0),
(213, 13, 0),
(214, 13, 0),
(215, 13, 0),
(216, 13, 0),
(217, 13, 0),
(218, 13, 0),
(219, 13, 0),
(220, 13, 0),
(221, 13, 0),
(222, 13, 0),
(223, 13, 0),
(224, 13, 0),
(225, 13, 0),
(226, 13, 0),
(227, 13, 0),
(228, 13, 0),
(229, 13, 0),
(230, 13, 0),
(231, 13, 0),
(232, 13, 0),
(233, 13, 0),
(234, 13, 0),
(235, 13, 0),
(236, 13, 0),
(237, 13, 0),
(238, 13, 0),
(239, 13, 0),
(240, 13, 0),
(241, 13, 0),
(242, 13, 0),
(243, 13, 0),
(244, 13, 0),
(245, 13, 0),
(246, 13, 0),
(247, 13, 0),
(248, 13, 0),
(249, 13, 0),
(250, 13, 0),
(251, 13, 0),
(252, 13, 0),
(253, 13, 0),
(254, 13, 0),
(255, 13, 0),
(256, 13, 0),
(257, 13, 0),
(258, 13, 0),
(259, 13, 0),
(260, 13, 0),
(261, 13, 0),
(262, 13, 0),
(263, 13, 0),
(264, 13, 0),
(265, 13, 0),
(266, 13, 0),
(267, 13, 0),
(268, 13, 0),
(269, 13, 0),
(270, 13, 0),
(271, 13, 0),
(272, 13, 0),
(273, 13, 0),
(274, 13, 0),
(275, 13, 0),
(276, 13, 0),
(277, 13, 0),
(278, 13, 0),
(279, 13, 0),
(280, 13, 0),
(281, 13, 0),
(282, 13, 0),
(283, 13, 0),
(284, 13, 0),
(285, 13, 0),
(286, 13, 0),
(287, 13, 0),
(288, 13, 0),
(289, 13, 0),
(290, 13, 0),
(291, 13, 0),
(292, 13, 0),
(293, 13, 0),
(294, 13, 0),
(295, 13, 0),
(296, 13, 0),
(297, 13, 0),
(298, 13, 0),
(299, 13, 0),
(300, 13, 0),
(301, 13, 0),
(302, 13, 0),
(303, 13, 0),
(304, 13, 0),
(305, 13, 0),
(306, 13, 0),
(307, 13, 0),
(308, 13, 0),
(309, 13, 0),
(310, 13, 0),
(311, 13, 0),
(312, 13, 0),
(313, 13, 0),
(314, 13, 0),
(315, 13, 0),
(316, 13, 0),
(317, 13, 0),
(318, 13, 0),
(319, 13, 0),
(320, 13, 0),
(321, 13, 0),
(322, 13, 0),
(323, 13, 0),
(324, 13, 0),
(429, 14, 0),
(430, 14, 0),
(431, 14, 0),
(432, 14, 0),
(433, 14, 0),
(434, 14, 0),
(435, 14, 0),
(436, 14, 0),
(437, 14, 0),
(438, 14, 0),
(439, 14, 0),
(440, 14, 0),
(441, 14, 0),
(442, 14, 0),
(443, 14, 0),
(444, 14, 0),
(445, 14, 0),
(446, 14, 0),
(447, 14, 0),
(448, 14, 0),
(449, 14, 0),
(450, 14, 0),
(451, 14, 0),
(452, 14, 0),
(453, 14, 0),
(454, 14, 0),
(455, 14, 0),
(456, 14, 0),
(457, 14, 0),
(458, 14, 0),
(459, 14, 0),
(460, 14, 0),
(461, 14, 0),
(462, 14, 0),
(463, 14, 0),
(464, 14, 0),
(465, 14, 0),
(466, 14, 0),
(467, 14, 0),
(468, 14, 1),
(469, 14, 0),
(470, 14, 0),
(471, 14, 0),
(472, 14, 0),
(473, 14, 0),
(474, 14, 0),
(475, 14, 0),
(476, 14, 0),
(477, 14, 0),
(478, 14, 0),
(479, 14, 0),
(480, 14, 0),
(481, 14, 0),
(482, 14, 0),
(483, 14, 0),
(484, 14, 0),
(485, 14, 0),
(486, 14, 0),
(487, 14, 0),
(488, 14, 0),
(489, 14, 0),
(490, 14, 0),
(491, 14, 0),
(492, 14, 0),
(493, 14, 0),
(494, 14, 0),
(495, 14, 0),
(496, 14, 0),
(497, 14, 0),
(498, 14, 0),
(499, 14, 0),
(500, 14, 0),
(501, 14, 0),
(502, 14, 0),
(503, 14, 0),
(504, 14, 0),
(505, 14, 0),
(506, 14, 0),
(507, 14, 0),
(508, 14, 0),
(509, 14, 0),
(510, 14, 0),
(511, 14, 0),
(512, 14, 0),
(513, 14, 0),
(514, 14, 0),
(515, 14, 0),
(516, 14, 0),
(517, 14, 0),
(518, 14, 0),
(519, 14, 0),
(520, 14, 0),
(521, 14, 0),
(522, 14, 0),
(523, 14, 0),
(524, 14, 0),
(525, 14, 0),
(526, 14, 0),
(527, 14, 0),
(528, 14, 0),
(529, 14, 0),
(530, 14, 0),
(531, 14, 0),
(532, 14, 0),
(533, 14, 0),
(534, 14, 0),
(535, 14, 0),
(536, 14, 0),
(537, 14, 0),
(538, 14, 0),
(539, 14, 0),
(540, 14, 0),
(541, 14, 0),
(542, 14, 0),
(543, 14, 0),
(544, 14, 0),
(545, 14, 0),
(546, 14, 0),
(547, 14, 0),
(548, 14, 0),
(549, 14, 0),
(550, 14, 0),
(551, 14, 0),
(552, 14, 0),
(553, 14, 0),
(554, 14, 0),
(555, 14, 0),
(556, 14, 0),
(557, 14, 0),
(558, 14, 0),
(559, 14, 0),
(560, 14, 0),
(561, 14, 0),
(562, 14, 0),
(563, 14, 0),
(564, 14, 0);

--
-- Set default database
--
USE skytickets;

--
-- Drop trigger `trigger_append_voyage_and_seats_link`
--
DROP TRIGGER IF EXISTS trigger_append_voyage_and_seats_link;

--
-- Set default database
--
USE skytickets;

DELIMITER $$

--
-- Create trigger `trigger_append_voyage_and_seats_link`
--
CREATE
DEFINER = 'root'@'localhost'
TRIGGER trigger_append_voyage_and_seats_link
AFTER INSERT
ON voyages
FOR EACH ROW
BEGIN
  -- Объявляем переменные для итерации
  DECLARE done int DEFAULT 0;
  DECLARE current_seat_id int;

  -- Курсор для выборки всех seat_id для данного plane_id
  DECLARE seat_cursor CURSOR FOR
  SELECT
    seat_id
  FROM skytickets.seats
  WHERE plane_id = NEW.plane_id;

  -- Обработчик для окончания курсора
  DECLARE CONTINUE HANDLER FOR NOT FOUND SET done = 1;

  -- Открываем курсор
  OPEN seat_cursor;

-- Цикл по всем местам самолёта
read_loop:
  LOOP
    -- Получаем следующее seat_id
    FETCH seat_cursor INTO current_seat_id;

    -- Если больше нет записей — выходим из цикла
    IF done = 1 THEN
      LEAVE read_loop;
    END IF;

    -- Вставляем запись в таблицу-связку: место + рейс, статус «свободно»
    INSERT INTO skytickets.seats_and_voyages_link (seat_id,
    voyage_id,
    is_ordered)
      VALUES (current_seat_id, NEW.voyage_id, 0  -- 0 = свободно
      );
  END LOOP;

  -- Закрываем курсор
  CLOSE seat_cursor;
END
$$

DELIMITER ;

-- 
-- Restore previous SQL mode
-- 
/*!40101 SET SQL_MODE=@OLD_SQL_MODE */;

-- 
-- Enable foreign keys
-- 
/*!40014 SET FOREIGN_KEY_CHECKS = @OLD_FOREIGN_KEY_CHECKS */;